Month,Predicted_Revenue
2023-07,185058.20266666665
2023-08,204655.19723809522
2023-09,224252.1918095238
2023-10,243849.18638095236
2023-11,263446.18095238094
2023-12,283043.1755238095
